"Name","Train size","Learning rate","Optimizer","Batch size","MSE Test","Train Loss","Valid Loss"
"att_nn_summ","1000000","0.01","SGD","256","40411.1704712202","35426.62763617197","44090.727513991784"
"att_nn_base","1000000","0.01","SGD","256","40460.414559794655","58660.25778919827","44109.03093805611"
"att_full","All","0.01","SGD","512","40591.091599407155","45558.60598492686","41262.21378569903"
"att_nn_mean","1000000","0.01","SGD","512","40628.58132151175","25764.752528020937","44044.973092636064"
"bert_full","3000000","0.1","SGD","64","40808.274171442645","24684.542064742163","40164.464237466054"
"bert_sgd","400000","null","SGD","64","40961.24207811401","32785.51511485878","38891.07826025941"
"bert_best","400000","0.1","SGD","64","40961.24207811401","28634.01679601762","39845.15217106025"
"bert","50000","0.1","SGD","256","41214.77078695684","22553.148163751528","43417.641305061414"
"bert_small","200000","null","SGD","128","41437.57263105235","11304.613949615226","44515.60162754243"
"bert_small","200000","null","SGD","256","41736.54065555339","111928.10577788198","44359.050189280606"
"bert_3","50000","0.1","SGD","256","41785.28394253409","40366.1458695662","45645.509317089054"
"att_sgd_lr1e-1","200000","null","SGD","128","41859.14954336992","58013.945794527965","42890.17902469075"
"att_sgd_le1e-3","200000","null","SGD","128","41890.417136619515","216901.24929300055","42692.996477391185"
"bert_large","100000","1e-20","ASGD","64","null","27910.54396712629","null"
"bert_large","100000","1e-20","SGD","64","null","19225.694371502825","null"
"bert_large","100000","1e-20","Adamax","64","null","15877.524168718195","null"
"att_nn_mean","1000000","0.01","SGD","256","null","15598.381752059671","44009.23934345391"
"att_sgd","200000","null","SGD","64","null","16066.3097925147","43044.54755795119"
"bert_large","100000","1e-20","Adam","64","null","19248.72861153765","null"
"bert_large","100000","1e-20","AdamW","64","null","83282.43836264667","null"
"bert_large","100000","1e-20","Adagrad","64","null","13939.39715699882","null"
"bert_large","100000","1e-20","Adadelta","64","null","22028.527670120773","null"